{"variables":{"$TCS_V$_DEFAULT_COSTUME":["DEFAULT_COSTUME","DEFAULT_COSTUME"],"$TCS_V$_TEST_VAR":["TEST_VAR",2]},"visible":false,"comments":{},"blocks":{"66":{"next":null,"parent":"65","shadow":false,"inputs":{"VALUE":[1,"67"]},"topLevel":false,"fields":{"VARIABLE":["TEST_VAR","$TCS_V$_TEST_VAR"]},"opcode":"data_setvariableto"},"67":{"next":null,"parent":"66","shadow":false,"inputs":{"NUM2":[1,[12,"TEST_VAR","$TCS_V$_TEST_VAR"]],"NUM1":[1,[12,"TEST_VAR","$TCS_V$_TEST_VAR"]]},"topLevel":false,"fields":{},"opcode":"operator_add"},"64":{"next":null,"parent":null,"shadow":false,"inputs":{},"topLevel":true,"x":0,"y":0,"opcode":"event_whenflagclicked","fields":{}},"65":{"next":null,"parent":"64","shadow":false,"inputs":{"SUBSTACK":[1,"66"],"TIMES":[1,[4,10]]},"topLevel":false,"fields":{},"opcode":"control_repeat"}},"isStage":false,"broadcasts":{},"costumes":[{"bitmapResolution":2,"assetId":"e6ddc55a6ddd9cc9d84fe0b4c21e016f","dataFormat":".svg","name":"DEFAULT_COSTUME","md5ext":"e6ddc55a6ddd9cc9d84fe0b4c21e016f..svg","rotationCenterY":0,"rotationCenterX":0}],"volume":100,"rotationStyle":"all around","size":100,"draggable":false,"sounds":[],"lists":{},"name":"Yes","x":0,"y":0,"currentCostume":0,"direction":90}