{"variables":{"$TCS_V$_$THREAD_IDX$":["$THREAD_IDX$",0],"$TCS_V$_DEFAULT":["DEFAULT","DEFAULT"],"$TCS_V$_$THREAD_ITR$":["$THREAD_ITR$",0],"$TCS_V$_asdf":["asdf",2],"$TCS_V$_$THREAD_CNT$":["$THREAD_CNT$",0]},"visible":false,"comments":{},"blocks":{"66":{"next":null,"parent":"65","shadow":true,"inputs":{},"topLevel":false,"fields":{"VALUE":["param1",null]},"opcode":"argument_reporter_string_number"},"67":{"next":null,"parent":"65","shadow":true,"inputs":{},"topLevel":false,"fields":{"VALUE":["param2",null]},"opcode":"argument_reporter_boolean"},"68":{"next":"6d","parent":"64","shadow":false,"inputs":{"SUBSTACK":[1,"6c"],"CONDITION":[1,"69"]},"topLevel":false,"fields":{},"opcode":"control_if"},"69":{"next":null,"parent":"68","shadow":false,"inputs":{"OPERAND1":[1,"6a"],"OPERAND2":[1,"6b"]},"topLevel":false,"fields":{},"opcode":"operator_equals"},"7a":{"next":null,"parent":"79","shadow":false,"inputs":{"INDEX":[1,"7b"]},"topLevel":false,"opcode":"data_itemoflist","fields":{"LIST":["$THREAD_STACK$","$TCS_L$_$THREAD_STACK$"]}},"7b":{"next":null,"parent":"7a","shadow":false,"inputs":{"NUM2":[1,[4,1]],"NUM1":[1,"7c"]},"topLevel":false,"fields":{},"opcode":"operator_subtract"},"7c":{"next":null,"parent":"7b","shadow":false,"inputs":{},"topLevel":false,"opcode":"data_lengthoflist","fields":{"LIST":["$THREAD_STACK$","$TCS_L$_$THREAD_STACK$"]}},"7d":{"next":"80","parent":"74","shadow":false,"inputs":{"INDEX":[1,"7e"]},"topLevel":false,"opcode":"data_deleteoflist","fields":{"LIST":["$THREAD_STACK$","$TCS_L$_$THREAD_STACK$"]}},"7e":{"next":null,"parent":"7d","shadow":false,"inputs":{"NUM2":[1,[4,1]],"NUM1":[1,"7f"]},"topLevel":false,"fields":{},"opcode":"operator_subtract"},"7f":{"next":null,"parent":"7e","shadow":false,"inputs":{},"topLevel":false,"opcode":"data_lengthoflist","fields":{"LIST":["$THREAD_STACK$","$TCS_L$_$THREAD_STACK$"]}},"70":{"next":null,"parent":"6f","shadow":false,"inputs":{"NUM2":[1,[4,1]],"NUM1":[1,[12,"asdf","$TCS_V$_asdf"]]},"topLevel":false,"fields":{},"opcode":"operator_add"},"71":{"next":"72","parent":"6f","shadow":false,"inputs":{"ITEM":[1,[10,"10.0"]]},"topLevel":false,"opcode":"data_addtolist","fields":{"LIST":["$THREAD_STACK$","$TCS_L$_$THREAD_STACK$"]}},"72":{"next":"74","parent":"71","mutation":{"children":[],"proccode":"testFunction %s %b","argumentids":"[\"$TCS_FP$_testFunction$param1\",\"$TCS_FP$_testFunction$param2\"]","tagName":"mutation","warp":"false"},"shadow":false,"inputs":{"$TCS_FP$_testFunction$param1":[1,[10,"1.0"]],"$TCS_FP$_testFunction$param2":[1,"73"]},"topLevel":false,"fields":{},"opcode":"procedures_call"},"73":{"next":null,"parent":"72","shadow":false,"inputs":{},"topLevel":false,"opcode":"operator_not","fields":{}},"74":{"next":"7d","parent":"72","shadow":false,"inputs":{"MESSAGE":[1,"75"]},"topLevel":false,"opcode":"looks_say","fields":{}},"75":{"next":null,"parent":"74","shadow":false,"inputs":{"STRING1":[1,"76"],"STRING2":[1,[12,"asdf","$TCS_V$_asdf"]]},"topLevel":false,"fields":{},"opcode":"operator_join"},"76":{"next":null,"parent":"75","shadow":false,"inputs":{"STRING1":[1,"77"],"STRING2":[1,"79"]},"topLevel":false,"fields":{},"opcode":"operator_join"},"77":{"next":null,"parent":"76","shadow":false,"inputs":{"INDEX":[1,"78"]},"topLevel":false,"opcode":"data_itemoflist","fields":{"LIST":["$THREAD_STACK$","$TCS_L$_$THREAD_STACK$"]}},"78":{"next":null,"parent":"77","shadow":false,"inputs":{},"topLevel":false,"opcode":"data_lengthoflist","fields":{"LIST":["$THREAD_STACK$","$TCS_L$_$THREAD_STACK$"]}},"79":{"next":null,"parent":"76","shadow":false,"inputs":{"NUM2":[1,[4,10]],"NUM1":[1,"7a"]},"topLevel":false,"fields":{},"opcode":"operator_add"},"6a":{"next":null,"parent":"69","shadow":false,"inputs":{},"topLevel":false,"fields":{"VALUE":["param1",null]},"opcode":"argument_reporter_string_number"},"6b":{"next":null,"parent":"69","shadow":false,"inputs":{},"topLevel":false,"fields":{"VALUE":["param2",null]},"opcode":"argument_reporter_boolean"},"6c":{"next":null,"mutation":{"children":[],"hasnext":"false","tagName":"mutation"},"parent":"68","shadow":false,"inputs":{},"topLevel":false,"opcode":"control_stop","fields":{"STOP_OPTION":["all",null]}},"6d":{"next":null,"parent":"68","shadow":false,"inputs":{"ITEM":[1,[10,""]]},"topLevel":false,"opcode":"data_addtolist","fields":{"LIST":["$THREAD_STACK$","$TCS_L$_$THREAD_STACK$"]}},"6e":{"next":"6f","parent":null,"shadow":false,"inputs":{},"topLevel":true,"x":0,"y":0,"opcode":"event_whenflagclicked","fields":{}},"6f":{"next":"71","parent":"6e","shadow":false,"inputs":{"VALUE":[1,"70"]},"topLevel":false,"fields":{"VARIABLE":["asdf","$TCS_V$_asdf"]},"opcode":"data_setvariableto"},"80":{"next":"85","parent":"7d","shadow":false,"inputs":{"ITEM":[1,"82"],"INDEX":[1,"81"]},"topLevel":false,"opcode":"data_replaceitemoflist","fields":{"LIST":["$THREAD_STACK$","$TCS_L$_$THREAD_STACK$"]}},"81":{"next":null,"parent":"80","shadow":false,"inputs":{},"topLevel":false,"opcode":"data_lengthoflist","fields":{"LIST":["$THREAD_STACK$","$TCS_L$_$THREAD_STACK$"]}},"82":{"next":null,"parent":"80","shadow":false,"inputs":{"NUM2":[1,[4,10]],"NUM1":[1,"83"]},"topLevel":false,"fields":{},"opcode":"operator_subtract"},"83":{"next":null,"parent":"82","shadow":false,"inputs":{"INDEX":[1,"84"]},"topLevel":false,"opcode":"data_itemoflist","fields":{"LIST":["$THREAD_STACK$","$TCS_L$_$THREAD_STACK$"]}},"84":{"next":null,"parent":"83","shadow":false,"inputs":{},"topLevel":false,"opcode":"data_lengthoflist","fields":{"LIST":["$THREAD_STACK$","$TCS_L$_$THREAD_STACK$"]}},"85":{"next":null,"parent":"80","shadow":false,"inputs":{"MESSAGE":[1,"86"]},"topLevel":false,"opcode":"looks_say","fields":{}},"64":{"next":"68","parent":null,"shadow":false,"inputs":{"custom_block":[1,"65"]},"topLevel":true,"x":0,"y":0,"fields":{},"opcode":"procedures_definition"},"86":{"next":null,"parent":"85","shadow":false,"inputs":{"INDEX":[1,"87"]},"topLevel":false,"opcode":"data_itemoflist","fields":{"LIST":["$THREAD_STACK$","$TCS_L$_$THREAD_STACK$"]}},"65":{"next":null,"parent":"64","mutation":{"argumentnames":"[\"param1\",\"param2\"]","argumentdefaults":"[\"\",\"false\"]","children":[],"proccode":"testFunction %s %b","argumentids":"[\"$TCS_FP$_testFunction$param1\",\"$TCS_FP$_testFunction$param2\"]","tagName":"mutation","warp":"false"},"shadow":true,"inputs":{"$TCS_FP$_testFunction$param1":[1,"66"],"$TCS_FP$_testFunction$param2":[1,"67"]},"topLevel":false,"fields":{},"opcode":"procedures_prototype"},"87":{"next":null,"parent":"86","shadow":false,"inputs":{},"topLevel":false,"opcode":"data_lengthoflist","fields":{"LIST":["$THREAD_STACK$","$TCS_L$_$THREAD_STACK$"]}}},"isStage":false,"broadcasts":{},"costumes":[{"bitmapResolution":2,"assetId":"dd4fa7442bd129ac76e592627630e11b","dataFormat":"png","name":"DEFAULT","md5ext":"dd4fa7442bd129ac76e592627630e11b.png","rotationCenterY":0,"rotationCenterX":0}],"volume":100,"rotationStyle":"all around","size":100,"draggable":false,"sounds":[],"lists":{"$TCS_L$_$THREAD_STACK$":["$THREAD_STACK$",[]]},"name":"test stack","x":0,"y":0,"currentCostume":0,"direction":90}